{"mean":{"confidence_interval":{"confidence_level":0.95,"lower_bound":0.06149053072041494,"upper_bound":0.20982614091031357},"point_estimate":0.13385703268739957,"standard_error":0.037938925105906594},"median":{"confidence_interval":{"confidence_level":0.95,"lower_bound":-0.008186861133623324,"upper_bound":0.0621012235391495},"point_estimate":0.0190045596610946,"standard_error":0.017350875073133726}}