{"mean":{"confidence_interval":{"confidence_level":0.95,"lower_bound":-0.10534055648653351,"upper_bound":-0.03571919563710462},"point_estimate":-0.07042675376375018,"standard_error":0.01781634251910193},"median":{"confidence_interval":{"confidence_level":0.95,"lower_bound":-0.045810556301748684,"upper_bound":0.0031833602348843026},"point_estimate":-0.02173385690861307,"standard_error":0.012334701578331614}}