{"mean":{"confidence_interval":{"confidence_level":0.95,"lower_bound":25209942.075,"upper_bound":26711738.029124998},"point_estimate":25886566.545,"standard_error":385553.40802771755},"median":{"confidence_interval":{"confidence_level":0.95,"lower_bound":24764105.5,"upper_bound":25094462.0},"point_estimate":24971015.0,"standard_error":89789.9278166457},"median_abs_dev":{"confidence_interval":{"confidence_level":0.95,"lower_bound":468379.2771846056,"upper_bound":749574.0066424012},"point_estimate":626671.6579243541,"standard_error":69326.58347353982},"slope":null,"std_dev":{"confidence_interval":{"confidence_level":0.95,"lower_bound":2021179.7278807168,"upper_bound":5308039.124956209},"point_estimate":3870728.7922614925,"standard_error":854334.5421474363}}