{"mean":{"confidence_interval":{"confidence_level":0.95,"lower_bound":-0.13091925630412027,"upper_bound":-0.08476843241054145},"point_estimate":-0.10765838876047451,"standard_error":0.011755247985180736},"median":{"confidence_interval":{"confidence_level":0.95,"lower_bound":-0.10529609248999579,"upper_bound":-0.07458976188237754},"point_estimate":-0.09374030294361824,"standard_error":0.008481509006586467}}