{"mean":{"confidence_interval":{"confidence_level":0.95,"lower_bound":116912785311.13249,"upper_bound":121159876791.4},"point_estimate":119107178513.2,"standard_error":1047630664.1838477},"median":{"confidence_interval":{"confidence_level":0.95,"lower_bound":114704082648.0,"upper_bound":121262243231.5},"point_estimate":121131255070.0,"standard_error":1663740716.9570303},"median_abs_dev":{"confidence_interval":{"confidence_level":0.95,"lower_bound":53051330.00265062,"upper_bound":5258219896.573636},"point_estimate":220051851.3850987,"standard_error":1484481119.6935623},"slope":null,"std_dev":{"confidence_interval":{"confidence_level":0.95,"lower_bound":303553023.2480403,"upper_bound":3969999200.635507},"point_estimate":3490867151.3367085,"standard_error":705305098.3877745}}