{"mean":{"confidence_interval":{"confidence_level":0.95,"lower_bound":0.04619036208435776,"upper_bound":0.10754743062229709},"point_estimate":0.0742853316476002,"standard_error":0.01568972371570006},"median":{"confidence_interval":{"confidence_level":0.95,"lower_bound":0.03356479892641784,"upper_bound":0.049299291834452585},"point_estimate":0.043764800653101954,"standard_error":0.004130110959443391}}