{"mean":{"confidence_interval":{"confidence_level":0.95,"lower_bound":-0.056643342822174224,"upper_bound":-0.006316373207487818},"point_estimate":-0.03454837888648532,"standard_error":0.013598912500715703},"median":{"confidence_interval":{"confidence_level":0.95,"lower_bound":-0.06482142142972946,"upper_bound":-0.011109750328629597},"point_estimate":-0.05825564389855775,"standard_error":0.016288785263319394}}