{"mean":{"confidence_interval":{"confidence_level":0.95,"lower_bound":0.014285064219785133,"upper_bound":0.06552040918719082},"point_estimate":0.03914467366210661,"standard_error":0.01303423750110325},"median":{"confidence_interval":{"confidence_level":0.95,"lower_bound":0.02910365372122814,"upper_bound":0.06502319712965487},"point_estimate":0.04461168892803857,"standard_error":0.009243473586050108}}