{"mean":{"confidence_interval":{"confidence_level":0.95,"lower_bound":3554200401.5025,"upper_bound":3749743981.8599997},"point_estimate":3638942195.5,"standard_error":50780700.63160807},"median":{"confidence_interval":{"confidence_level":0.95,"lower_bound":3533749917.0,"upper_bound":3702399093.0},"point_estimate":3545004823.0,"standard_error":57053601.33709684},"median_abs_dev":{"confidence_interval":{"confidence_level":0.95,"lower_bound":3592440.553021431,"upper_bound":224438405.8425218},"point_estimate":21240237.978610396,"standard_error":64104080.027487814},"slope":null,"std_dev":{"confidence_interval":{"confidence_level":0.95,"lower_bound":50417325.27141552,"upper_bound":245762197.38189015},"point_estimate":170053398.5356347,"standard_error":59253340.83372417}}