{"mean":{"confidence_interval":{"confidence_level":0.95,"lower_bound":-0.12517801581045385,"upper_bound":-0.0881175387923977},"point_estimate":-0.1052342221878837,"standard_error":0.00948625270782503},"median":{"confidence_interval":{"confidence_level":0.95,"lower_bound":-0.0868706287031571,"upper_bound":-0.07166800811787633},"point_estimate":-0.07741228068142836,"standard_error":0.003688971391431232}}